Q2,Q3,Q4,Q5,Q6,Q7,Q8,Q9,Q10,Q12,Q13,Q14,Q15,Q16,Q17,Q18,Q19,Q20,Q22,Q23,Q24,Q25,Q26,Q27,Q28,Q29,Q30,Q32,Q33,Q34,Q35,Q36,Q37,Q38,Q39,Q40,Q42,Q43,Q44,Q45,Q46,Q47,Q48,Q49,Q50,Q52,Q53,Q54,Q55,Q56,Q57,Q58,Q59,Q60,Q62,Q63,Q64,Q65,Q66,Q67,Q68,Q69,Q73_1,Q73_2,Q73_3,Q73_4,Q73_5,Q73_6,Q73_7,Q73_8,Q73_9,Q74_1,Q74_2,Q74_3,Q74_4,Q74_5,Q74_6,Q74_7,Q74_8,Q74_9,Q75_1,Q75_2,Q75_3,Q75_4,Q75_5,Q75_6,Q75_7,Q75_8,Q75_9,Q76_1,Q76_2,Q76_3,Q76_4,Q76_5,Q76_6,Q76_7,Q76_8,Q76_9,Q77_1,Q77_2,Q77_3,Q77_4,Q77_5,Q77_6,Q77_7,Q77_8,Q77_9,Q78_1,Q78_2,Q78_3,Q78_4,Q78_5,Q78_6,Q78_7,Q78_8
Gender,Ethnicity,Relationship,Education,CityPop,Religion,Age,FamilyMembers,Siblings,supportsnoreturn,they feel accepted.,they make up after a fight.,they are hugged.,somebody confides in them.,they feel connected to God.,they play sports.,the sun is shining.,someone tells them what is best for them.,they feel appreciated.,they win on the lottery.,they feel part of a team.,someone understands them.,someone is sexually attracted to them.,they get gifts.,they spend time with their child(ren).,someone helps them.,someone follows up to ask how a problem turned out.,they make love.,someone cares for them.,someone forgives them for something they did wrong.,their pets are happy to see them.,"they attend a religious ceremony (e.g., church, temple, synagogue, / mosque).",they attend sporting events of their favorite team.,they solve a difficult problem.,someone else wants to know where they are at all times.,they are made to feel special.,someone can immediately tell what is on their mind.,someone does something nice for them unexpectedly.,someone is supportive of their / life goals.,a child snuggles up to them.,they are included in activities.,they go out for a walk.,they receive a compliment.,someone is insisting to spend all of their time with them.,they are told that they are loved.,someone shows compassion towards them in difficult  times.,someone celebrates their accomplishments.,they spend quality time with someone.,they feel completely comfortable around someone.,they hear or sing their country's national anthem.,they eat their favorite food.,someone is possessive about them. ,someone is polite to them.,they can share their opinions without being judged.,they experience an act of kindness.,they spend time with their friends.,they are the recipient of physical affection.,they feel close to nature.,a group recognizes their contribution.,they get a good nights sleep.,someone tries to change their behavior to be healthier.,they are recipients of gratitude.,someone supports them without expecting anything in return.,they feel accepted.,The following statements describe /  possible situations in which people might feel loved. We would...-they make up after a fight.,The following statements describe /  possible situations in which people might feel loved. We would...-they are hugged.,The following statements describe /  possible situations in which people might feel loved. We would...-somebody confides in them.,The following statements describe /  possible situations in which people might feel loved. We would...-they feel connected to God.,The following statements describe /  possible situations in which people might feel loved. We would...-they play sports.,The following statements describe /  possible situations in which people might feel loved. We would...-the sun is shining.,The following statements describe /  possible situations in which people might feel loved. We would...-someone tells them what is best for them.,The following statements describe /  possible situations in which people might feel loved. We would...-they feel appreciated.,The following statements describe /  possible situations in which people might feel loved. We would...-they win on the lottery.,The following statements describe /  possible situations in which people might feel loved. We would...-they feel part of a team.,The following statements describe /  possible situations in which people might feel loved. We would...-someone understands them.,The following statements describe /  possible situations in which people might feel loved. We would...-someone is sexually attracted to them.,The following statements describe /  possible situations in which people might feel loved. We would...-they get gifts.,The following statements describe /  possible situations in which people might feel loved. We would...-they spend time with their child(ren).,The following statements describe /  possible situations in which people might feel loved. We would...-someone helps them.,The following statements describe /  possible situations in which people might feel loved. We would...-someone follows up to ask how a problem turned out.,The following statements describe /  possible situations in which people might feel loved. We would...-they make love.,The following statements describe /  possible situations in which people might feel loved. We would...-someone cares for them.,The following statements describe /  possible situations in which people might feel loved. We would...-someone forgives them for something they did wrong.,The following statements describe /  possible situations in which people might feel loved. We would...-their pets are happy to see them.,"The following statements describe /  possible situations in which people might feel loved. We would...-they attend a religious ceremony (e.g., church, temple, synagogue, mosque).",The following statements describe /  possible situations in which people might feel loved. We would...-they attend sporting events of their favorite team.,The following statements describe /  possible situations in which people might feel loved. We would...-they solve a difficult problem.,The following statements describe /  possible situations in which people might feel loved. We would...-someone else wants to know where they are at all times.,The following statements describe /  possible situations in which people might feel loved. We would...-they are made to feel special.,The following statements describe /  possible situations in which people might feel loved. We would...-someone can immediately tell what is on their mind.,The following statements describe /  possible situations in which people might feel loved. We would...-someone does something nice for them unexpectedly.,The following statements describe /  possible situations in which people might feel loved. We would...-someone is supportive of their life goals.,The following statements describe /  possible situations in which people might feel loved. We would...-a child snuggles up to them.,The following statements describe /  possible situations in which people might feel loved. We would...-they are included in activities.,The following statements describe /  possible situations in which people might feel loved. We would...-they go out for a walk.,The following statements describe /  possible situations in which people might feel loved. We would...-they receive a compliment.,The following statements describe /  possible situations in which people might feel loved. We would...-someone is insisting to spend all of their time with them.,The following statements describe /  possible situations in which people might feel loved. We would...-they are told that they are loved.,The following statements describe /  possible situations in which people might feel loved. We would...-someone shows compassion towards them in difficult times.,The following statements describe /  possible situations in which people might feel loved. We would...-someone celebrates their accomplishments.,The following statements describe /  possible situations in which people might feel loved. We would...-they spend quality time with someone.,The following statements describe /  possible situations in which people might feel loved. We would...-they feel completely comfortable around someone.,The following statements describe /  possible situations in which people might feel loved. We would...-they hear or sing their country's national anthem.,The following statements describe /  possible situations in which people might feel loved. We would...-they eat their favorite food.,The following statements describe /  possible situations in which people might feel loved. We would...-someone is possessive about them.,The following statements describe /  possible situations in which people might feel loved. We would...-someone is polite to them.,The following statements describe /  possible situations in which people might feel loved. We would...-they can share their opinions without being judged.,The following statements describe /  possible situations in which people might feel loved. We would...-they experience an act of kindness.,The following statements describe /  possible situations in which people might feel loved. We would...-they spend time with their friends.,The following statements describe /  possible situations in which people might feel loved. We would...-they are the recipient of physical affection.,The following statements describe /  possible situations in which people might feel loved. We would...-they feel close to nature.,The following statements describe /  possible situations in which people might feel loved. We would...-a group recognizes their contribution.,The following statements describe /  possible situations in which people might feel loved. We would...-they get a good nights sleep.,The following statements describe /  possible situations in which people might feel loved. We would...-someone tries to change their behavior to be healthier.,The following statements describe /  possible situations in which people might feel loved. We would...-they are recipients of gratitude.
2,1,6,4,1,1,27,2,3,1,1,1,1,1,1,2,3,3,1,2,3,1,1,1,1,1,1,1,1,1,1,1,2,2,2,1,1,1,1,1,1,3,1,1,1,1,1,1,1,3,2,2,3,1,1,1,1,3,1,2,2,1,96,94,68,89,80,63,33,45,36,94,53,55,67,77,80,88,73,79,100,90,83,76,68,36,54,53,99,60,74,83,84,68,42,86,59,100,83,66,95,73,31,50,8,50,88,77,73,80,52,58,50,44,90
2,1,1,2,2,2,36,4,3,1,1,1,1,1,1,2,2,1,1,1,1,1,1,1,1,1,1,1,1,1,1,1,2,2,1,1,2,1,1,1,1,2,1,1,1,1,1,1,1,2,1,1,1,1,1,1,1,2,1,2,1,1,80,92,71,99,92,62,1,8,84,100,81,80,99,87,100,91,88,98,98,96,89,86,58,32,16,84,95,85,94,100,87,86,3,100,100,99,99,100,100,80,14,59,86,99,95,87,90,100,10,100,9,71,99
2,4,6,5,3,1,30,0,1,1,1,1,1,1,2,2,2,2,1,2,1,1,1,1,1,1,1,1,1,1,1,1,2,2,3,1,1,1,1,1,1,2,1,1,1,1,1,1,1,2,2,2,2,1,1,1,1,2,1,2,2,1,60,64,71,80,63,78,18,20,38,67,32,41,60,91,60,83,57,50,78,86,57,90,50,24,25,56,72,63,71,82,85,70,14,61,59,95,68,65,59,85,43,16,45,59,72,76,70,72,38,48,8,49,63
2,1,1,3,3,1,29,2,3,1,1,1,1,1,3,3,1,3,1,2,1,1,3,1,1,1,1,1,1,1,1,3,3,2,3,1,3,1,1,1,1,2,1,3,2,1,1,1,1,3,2,2,3,1,1,1,1,3,1,2,2,1,92,87,91,84,56,-99,14,50,20,96,25,67,87,54,81,83,86,78,81,87,77,85,47,22,0,60,95,61,86,53,83,69,17,59,26,94,92,83,74,72,45,18,10,55,68,90,69,92,47,52,7,20,80
1,1,8,2,2,1,24,3,0,1,1,1,1,1,1,2,2,1,1,1,1,1,2,1,1,1,1,1,1,1,1,1,1,2,1,1,1,1,1,1,2,1,1,1,1,1,1,1,1,1,1,1,2,1,1,1,1,1,1,2,1,1,83,81,78,80,82,77,48,67,78,75,69,67,76,59,69,63,69,67,63,71,68,73,73,63,78,62,73,72,70,68,84,77,48,74,80,76,70,72,71,73,75,76,74,62,61,69,83,74,60,70,67,75,73
1,1,1,4,3,1,42,4,1,1,1,1,1,1,3,2,2,2,1,2,2,1,2,2,1,1,2,1,1,1,1,3,2,2,2,1,3,1,1,1,2,2,2,2,1,1,1,1,1,2,2,2,2,1,1,1,1,3,1,2,2,1,96,87,57,88,64,50,2,50,16,83,11,25,77,79,42,98,61,57,68,84,58,86,-99,9,28,18,80,50,91,87,96,40,44,59,39,100,78,56,74,89,14,9,13,50,73,79,59,72,-99,53,2,16,82
2,1,8,2,2,3,21,0,2,1,1,2,1,1,1,2,2,2,1,2,1,1,1,1,3,1,1,1,1,1,1,2,2,2,2,1,1,1,1,1,1,2,1,2,1,1,1,1,1,2,2,2,1,1,1,1,1,1,1,2,2,1,89,91,53,57,80,86,49,53,43,72,36,72,76,79,67,53,62,77,80,79,71,82,54,48,44,42,81,56,57,70,77,70,53,65,44,60,84,76,73,80,46,43,49,66,93,72,76,69,52,83,47,37,63
2,1,8,4,2,1,38,0,2,1,1,1,1,1,1,3,2,1,1,2,1,1,1,1,1,1,1,1,1,1,1,1,2,2,2,1,1,1,1,1,1,2,2,1,1,1,1,1,1,2,2,2,2,1,1,1,1,2,2,2,2,2,63,80,61,79,53,63,14,19,27,91,18,78,91,38,91,88,90,63,75,80,91,89,55,27,21,27,71,77,85,91,78,81,34,79,57,96,91,79,92,83,44,18,13,48,95,73,64,74,53,64,23,55,70
1,1,1,2,1,1,44,3,3,1,1,1,1,2,1,2,2,2,1,2,2,1,1,1,1,1,2,1,1,1,1,2,2,2,2,1,2,1,1,1,1,2,1,1,1,1,1,1,1,1,2,1,2,1,1,2,1,2,1,2,1,1,75,60,65,86,25,78,1,23,5,74,1,40,77,58,52,84,61,49,84,93,95,78,12,1,3,44,75,67,86,82,96,56,0,70,61,72,90,82,85,83,78,0,57,63,69,70,56,75,27,43,1,65,57
1,4,6,4,4,1,24,0,0,1,2,2,2,1,2,2,3,2,1,2,1,1,1,1,1,2,3,1,1,2,1,3,2,2,1,1,2,1,1,1,2,2,2,1,1,1,2,1,1,2,2,2,2,2,1,1,1,2,1,2,2,1,72,41,28,63,77,23,7,31,60,35,9,52,81,27,37,91,62,42,75,77,60,84,44,41,34,56,72,83,66,74,94,63,-99,75,70,82,91,64,74,81,26,85,39,72,78,73,61,69,19,73,30,66,68
1,1,1,4,3,2,33,4,3,1,1,1,1,1,1,2,2,2,1,2,1,1,1,2,1,1,2,1,1,1,1,1,3,2,2,1,1,1,1,1,1,2,1,1,1,1,2,1,1,2,2,2,2,1,1,1,1,2,1,2,3,1,75,66,62,95,84,80,16,13,12,73,9,58,73,67,50,81,82,71,61,88,66,64,81,26,31,18,79,76,70,87,93,67,24,83,18,79,64,80,70,62,38,12,18,57,86,69,77,65,40,82,9,36,87
1,1,1,2,1,1,38,3,2,1,1,1,1,1,1,2,2,2,1,2,1,1,2,1,1,1,1,1,1,1,1,2,2,2,2,1,1,1,1,1,1,2,1,2,1,1,1,1,1,2,2,2,2,1,1,1,1,2,1,2,2,1,76,66,79,87,81,21,0,0,0,68,0,62,81,20,63,81,65,62,99,98,63,90,0,0,0,20,88,58,64,71,100,78,0,63,19,99,72,61,60,80,0,0,0,18,80,59,61,96,0,60,0,0,67
1,5,6,3,2,1,21,0,2,1,1,1,1,1,1,2,2,2,1,1,1,1,2,1,1,1,1,1,1,1,1,1,2,2,1,1,1,1,1,1,1,2,1,1,1,1,1,1,1,1,1,1,1,1,1,1,1,1,1,2,1,1,84,87,87,90,79,70,61,89,83,93,83,84,88,83,83,91,86,83,79,79,74,74,79,66,72,69,79,62,83,84,71,82,48,85,69,71,77,80,79,73,60,75,73,61,69,76,88,68,72,85,56,68,67
2,1,1,2,1,1,36,2,7,1,1,1,1,1,2,2,2,2,1,2,2,1,2,1,1,1,1,1,1,1,1,2,2,2,2,1,1,1,1,1,1,2,1,1,1,1,1,1,1,1,2,2,1,1,1,1,1,2,1,2,2,1,100,100,100,100,100,0,50,50,31,100,1,100,100,50,100,100,100,100,100,100,100,100,1,0,1,50,100,100,100,100,100,100,1,100,50,100,100,100,100,100,81,0,1,100,100,100,100,100,0,50,1,50,100
2,1,1,4,2,2,39,3,0,1,1,1,1,1,1,2,2,2,1,2,1,1,2,2,1,2,1,1,1,1,1,1,2,2,2,1,1,1,1,1,2,2,2,1,1,1,1,1,1,2,2,2,2,1,2,1,1,1,2,2,2,1,82,80,80,64,55,97,2,9,25,94,3,73,79,16,50,96,79,83,49,92,81,96,55,8,32,70,73,90,89,86,98,90,1,67,83,100,87,69,90,89,10,5,20,43,76,42,77,58,64,36,4,50,81
1,4,6,4,3,1,35,0,1,1,1,1,2,1,1,2,2,2,2,2,2,1,2,2,1,2,2,2,1,2,1,2,2,2,2,1,2,1,1,1,2,2,2,2,1,1,1,1,1,2,2,2,2,1,2,1,2,2,2,2,2,1,65,70,56,60,90,66,0,0,32,50,0,49,86,47,42,96,36,31,42,86,50,63,31,16,0,20,78,72,59,87,81,50,2,50,27,87,87,57,81,89,0,0,11,22,91,57,80,47,41,60,0,7,73
2,1,8,4,2,1,37,4,1,1,1,2,1,1,3,2,2,2,1,2,1,1,2,2,1,1,2,1,1,1,1,3,1,1,2,1,3,1,2,1,2,2,1,2,1,1,1,1,1,2,2,2,2,1,1,1,1,2,2,2,2,1,77,68,32,78,71,43,30,37,37,77,37,58,68,64,64,89,65,67,85,71,61,80,36,59,41,5,74,70,78,77,87,63,35,60,2,74,66,55,75,64,17,24,0,57,65,67,79,83,54,58,37,0,61
2,4,1,4,4,2,40,4,2,1,2,2,2,2,1,2,2,2,2,2,2,2,2,2,1,2,2,1,1,1,1,1,2,2,2,2,2,2,1,2,2,2,2,2,1,1,1,2,1,1,2,2,2,1,2,1,2,2,2,2,2,2,83,28,29,74,29,100,0,66,56,66,24,50,74,19,64,100,50,52,72,89,71,100,83,0,0,13,62,58,56,94,100,39,56,55,20,99,82,75,79,55,86,7,12,8,79,74,79,66,68,59,3,8,66
2,1,6,3,2,1,27,1,0,1,1,1,1,1,3,1,1,2,1,1,1,1,1,1,1,1,1,1,1,1,1,3,1,1,1,1,1,1,1,1,1,3,1,3,1,1,1,1,1,3,1,2,1,1,1,1,1,1,1,1,3,1,100,100,100,100,100,72,81,100,0,100,100,100,100,100,100,100,100,100,100,100,100,100,50,100,77,50,100,100,100,100,100,100,76,100,51,100,100,100,100,100,72,100,0,100,100,100,100,100,100,100,100,0,100
2,1,8,5,2,3,53,0,1,1,1,3,3,3,1,2,2,2,1,2,3,1,2,3,1,3,1,3,1,1,1,3,2,2,2,3,1,1,1,1,1,2,2,2,1,1,1,1,1,2,2,2,2,1,1,1,3,3,3,3,3,3,60,82,54,72,56,100,0,0,0,60,0,55,74,27,53,81,55,65,55,77,66,68,54,0,0,0,50,61,66,69,93,57,0,52,0,57,90,85,63,64,52,0,0,50,60,63,74,56,57,55,0,0,58
2,1,7,3,3,2,35,0,1,1,1,1,1,1,1,2,2,2,1,2,1,1,2,1,1,1,1,1,1,1,1,2,2,2,2,1,1,1,1,1,1,2,2,2,1,1,1,1,1,2,2,2,2,1,1,1,1,1,1,2,2,1,96,90,88,98,63,95,32,40,25,72,46,75,63,43,33,85,66,58,62,77,96,76,66,46,62,46,97,94,95,93,93,88,40,46,37,98,93,67,90,100,47,32,44,63,93,94,89,81,95,68,40,42,91
1,5,7,4,4,2,25,2,0,1,1,1,1,1,1,2,2,1,1,2,1,1,1,1,1,1,1,1,1,1,1,1,1,2,1,1,1,1,1,1,1,3,1,1,1,1,1,1,1,1,2,1,1,1,1,1,1,2,1,2,1,1,92,80,86,92,93,93,50,50,73,99,24,96,92,88,94,92,97,93,80,100,90,80,84,50,6,97,99,97,91,93,96,96,21,78,92,97,91,95,96,89,85,41,81,97,90,89,94,91,51,97,35,59,93
2,1,1,2,2,1,37,1,4,1,1,1,1,2,1,1,2,2,1,2,1,1,2,1,1,1,1,1,1,1,1,1,2,2,2,1,2,1,1,1,1,2,1,2,1,1,1,1,1,1,1,2,1,1,1,1,1,1,1,2,2,1,71,96,69,88,65,58,38,11,23,81,3,39,83,38,63,93,99,89,97,38,78,76,45,30,0,18,68,16,80,95,86,70,12,58,12,76,87,75,79,94,38,17,15,44,68,86,78,55,38,69,2,13,63
2,1,1,2,3,1,30,2,1,1,1,3,1,2,1,2,2,2,1,2,2,1,2,1,1,1,1,1,1,1,1,2,2,2,2,1,2,1,1,1,2,2,2,2,1,1,3,1,1,2,2,2,2,1,1,1,1,2,1,2,2,1,80,60,50,60,35,75,0,0,20,75,0,25,70,15,60,70,50,60,80,90,75,85,0,0,0,5,85,60,70,60,60,25,0,5,20,75,80,50,60,75,0,0,0,50,80,60,60,65,0,50,0,15,70
2,2,8,4,2,1,34,0,1,1,1,1,1,1,1,1,1,1,1,1,1,1,1,1,1,1,1,1,1,1,1,1,1,1,1,1,1,1,1,1,1,1,1,1,1,1,1,1,1,3,3,2,1,1,1,1,1,1,1,1,1,1,82,90,85,98,85,59,61,70,54,87,87,81,84,90,100,100,85,84,100,70,95,100,56,85,52,61,90,82,97,90,100,85,69,82,76,100,77,78,95,80,48,48,63,82,86,72,82,92,60,74,53,54,91
2,1,4,2,1,2,33,1,3,1,1,1,1,1,1,2,3,3,1,2,3,1,3,1,1,1,1,1,1,1,1,3,2,2,3,1,1,1,1,1,1,2,1,1,1,1,1,1,1,2,2,1,3,3,1,1,1,3,3,3,3,1,64,56,76,71,66,82,0,0,15,59,0,-99,30,-99,57,90,58,59,90,87,70,58,-99,0,-99,-99,95,69,60,58,94,59,8,55,85,100,86,65,87,88,0,0,78,21,13,53,55,91,14,45,0,30,59
2,2,1,3,4,3,39,2,5,1,1,2,1,2,1,2,2,2,1,2,2,1,2,1,1,2,2,1,1,2,1,1,2,2,1,1,2,1,1,1,2,2,2,1,1,1,1,1,1,2,2,1,2,1,1,1,1,2,1,2,2,1,65,87,0,90,35,100,0,10,0,56,1,6,90,0,94,100,32,9,89,84,7,99,75,10,0,85,100,2,60,89,100,0,0,0,100,100,100,68,100,90,0,1,91,6,93,92,85,77,0,64,0,0,100
2,1,8,3,1,3,34,3,1,1,1,1,1,1,1,2,2,2,1,2,1,1,1,1,1,1,1,1,1,1,1,1,2,2,2,1,1,1,1,1,1,2,1,1,1,1,1,1,1,2,2,2,1,1,1,1,1,1,1,2,2,1,100,100,70,75,80,100,0,0,0,80,0,80,80,100,90,100,70,80,100,80,100,75,100,0,0,0,80,80,80,70,100,0,0,70,50,100,90,90,100,80,0,0,0,80,90,85,90,80,0,75,0,0,80
1,1,2,2,1,1,45,0,0,1,1,1,1,1,3,2,2,2,1,2,2,1,2,2,1,2,1,1,1,1,1,3,2,2,2,1,2,1,1,1,1,2,2,2,1,1,1,1,1,2,2,1,2,1,2,1,1,2,1,2,1,2,64,58,57,85,64,-99,34,38,59,63,25,59,60,42,53,75,55,64,95,86,59,91,-99,20,24,38,81,31,64,66,90,61,24,58,41,88,62,70,61,59,32,25,64,37,63,56,77,84,41,66,29,70,60
2,1,1,3,1,3,59,2,0,1,1,1,1,2,1,2,1,2,1,2,2,1,2,1,1,2,2,1,1,1,1,1,2,2,2,1,2,1,1,1,1,2,1,2,1,1,1,1,1,1,1,2,2,1,1,1,1,1,1,2,2,1,100,100,100,95,70,100,0,100,0,100,75,14,100,0,75,100,100,40,100,100,100,100,100,0,0,0,100,30,100,90,100,70,100,100,0,100,100,75,100,100,100,80,0,70,75,100,100,100,100,0,0,75,100
1,1,7,4,4,2,28,0,2,1,2,2,1,2,1,2,2,2,1,2,2,1,1,2,1,1,1,1,1,1,1,1,2,2,1,1,2,1,1,1,1,2,2,2,1,1,1,1,1,2,2,2,2,2,2,1,1,2,2,2,2,2,82,63,40,73,46,86,13,8,15,63,10,41,90,67,46,86,65,41,76,75,59,85,58,44,13,55,71,58,75,77,93,62,4,55,42,82,84,78,88,97,8,5,8,22,60,73,83,62,16,46,5,25,73
2,2,6,3,3,1,20,5,3,1,1,1,1,1,1,2,2,2,1,2,1,1,2,1,1,1,1,2,1,2,1,2,2,2,1,1,1,1,1,1,1,2,1,1,1,1,1,1,1,2,2,2,2,1,1,1,1,2,1,2,2,1,75,70,75,65,55,90,5,0,45,85,10,55,75,45,65,60,75,75,40,95,65,67,45,5,0,55,90,90,80,95,65,55,0,55,55,75,90,85,90,95,15,0,55,75,80,80,75,75,10,70,5,45,80
1,4,7,3,3,2,30,3,4,1,1,2,2,1,2,2,2,2,1,2,1,1,2,2,1,2,1,1,1,2,1,2,1,2,1,1,2,1,1,1,2,2,2,1,1,1,2,1,1,2,2,1,2,1,1,1,1,2,1,1,1,1,100,95,29,31,74,8,38,0,10,100,17,67,81,38,40,89,29,82,90,91,67,96,27,45,5,100,72,27,54,100,78,45,8,41,87,100,93,81,95,76,11,29,63,19,35,77,65,88,3,93,5,32,58
1,1,8,5,2,1,33,0,1,1,1,1,1,1,3,2,2,2,1,2,2,1,1,1,1,2,1,1,1,1,1,2,2,2,1,1,1,1,1,1,1,2,2,1,1,1,1,1,1,3,2,3,2,1,2,1,1,2,2,2,3,2,69,50,50,58,61,-99,0,0,47,58,0,0,57,46,50,62,53,57,85,57,59,59,0,0,0,55,59,77,60,61,73,0,0,59,50,81,65,-99,56,71,-99,0,57,0,14,50,61,50,0,55,0,58,55
2,2,6,3,3,1,36,1,2,1,1,1,1,1,1,2,2,1,1,2,2,1,1,1,1,1,1,1,1,1,1,2,2,2,1,1,1,1,1,1,1,2,1,1,1,1,1,1,1,2,2,1,2,1,1,1,1,1,1,2,1,1,90,90,80,90,70,65,10,0,60,90,0,30,90,100,75,80,80,60,100,95,80,80,10,5,2,65,100,70,75,65,80,40,0,75,90,100,90,70,70,80,10,5,90,50,80,70,80,95,40,35,0,65,70
1,4,6,4,3,1,25,2,4,1,1,1,1,1,1,2,2,2,1,2,1,1,1,1,1,1,1,1,1,1,1,1,2,2,2,1,2,1,1,1,1,2,1,1,1,1,1,1,1,2,1,2,2,1,1,1,1,1,1,2,1,1,88,82,84,90,92,66,17,63,41,85,36,88,91,87,96,98,74,99,92,96,86,85,59,27,31,32,93,24,94,93,83,82,20,92,46,96,97,94,92,81,29,84,18,71,81,94,87,91,65,89,17,74,88
1,4,7,5,3,1,28,3,1,2,2,2,1,2,3,2,2,2,2,2,2,2,2,1,1,2,2,1,1,2,1,2,2,2,1,1,2,1,2,1,2,2,1,2,1,1,1,1,2,2,2,1,2,1,1,1,1,2,1,2,2,1,51,43,43,91,40,53,11,24,37,70,25,41,58,61,78,77,49,56,91,81,68,74,37,5,0,57,86,54,75,70,77,16,9,44,72,100,79,63,69,58,42,22,67,35,67,68,76,75,40,83,19,34,61
2,1,4,5,1,1,64,3,6,1,1,1,1,1,1,2,1,2,1,2,1,1,2,1,1,1,1,1,1,1,1,1,2,2,2,1,1,1,1,1,1,2,1,2,1,1,1,1,1,2,2,1,1,1,1,1,1,1,1,2,1,1,94,99,97,88,77,100,44,66,10,77,25,62,95,56,83,99,87,90,66,100,94,100,38,21,59,14,100,95,93,95,99,83,58,70,12,99,100,65,74,74,35,0,28,58,98,97,72,98,89,78,18,60,85
2,1,2,2,3,2,26,3,2,1,1,1,1,1,1,3,1,1,1,3,1,1,1,1,3,1,2,1,1,1,1,3,1,2,2,1,2,1,1,3,1,3,1,1,1,1,1,1,1,1,1,2,1,1,1,1,1,3,1,1,2,1,80,100,99,92,95,94,-99,92,68,87,90,74,89,99,77,-99,86,-99,100,99,55,100,86,60,39,-99,100,48,85,58,-99,67,-99,90,98,100,77,75,93,91,69,68,74,65,84,81,100,100,44,93,85,-99,74
2,1,8,4,2,1,40,1,2,1,1,3,1,3,1,2,2,2,1,2,2,1,1,3,3,1,1,3,1,2,1,2,2,2,2,1,2,1,1,1,1,2,3,3,1,1,1,2,2,2,2,1,2,1,3,1,1,2,1,2,3,1,84,74,44,57,32,44,0,0,26,73,0,57,63,50,58,50,56,57,50,76,61,85,17,0,0,38,63,37,60,62,35,57,6,50,33,89,77,63,44,39,13,0,43,39,70,67,44,80,12,57,0,53,64
1,1,7,4,2,1,27,0,1,1,1,2,1,1,3,2,1,2,1,2,1,1,1,1,1,1,1,1,1,1,1,3,2,2,3,1,3,1,1,1,1,2,1,3,1,1,1,1,1,2,2,3,1,1,1,1,1,1,1,2,3,1,96,95,67,94,97,46,9,55,16,98,41,74,97,97,92,100,91,97,95,96,86,100,-99,51,38,30,94,55,95,79,100,69,22,97,55,100,95,90,96,96,-99,-99,44,77,92,96,98,99,64,92,50,36,95
2,1,1,4,2,1,46,5,1,1,1,1,1,1,1,2,3,2,1,2,2,1,3,1,1,1,2,1,1,1,1,1,2,2,1,1,1,1,1,1,1,2,1,1,1,1,1,1,1,2,2,2,2,1,1,1,1,1,1,2,2,1,80,61,50,50,77,100,1,1,23,63,1,7,73,17,70,100,84,49,83,94,69,50,65,1,1,36,92,65,84,78,96,50,2,62,36,99,95,72,100,83,12,1,19,13,90,79,34,69,90,28,1,30,50
1,1,8,4,2,3,25,4,1,1,1,1,1,2,2,2,2,2,1,2,1,1,1,2,2,1,1,1,2,2,1,2,2,2,1,1,2,1,2,1,1,2,1,1,1,1,1,1,1,2,2,1,1,1,1,1,1,2,1,2,2,1,68,67,32,87,50,58,29,8,13,66,28,59,64,83,50,54,64,47,65,73,31,58,43,28,44,64,79,19,67,60,57,68,30,73,75,94,75,62,78,65,8,14,72,64,64,80,55,89,25,71,16,29,74
1,1,2,4,2,1,24,0,2,1,1,1,1,1,1,2,2,2,1,2,2,1,1,1,1,1,1,1,1,1,3,2,2,2,1,1,1,1,1,1,1,2,1,1,1,1,1,1,1,2,2,2,2,1,1,1,1,2,1,2,3,1,93,71,64,78,60,57,12,27,14,74,0,69,81,94,63,77,83,84,100,74,91,81,37,10,0,57,71,91,86,82,100,74,0,61,28,100,94,100,93,93,15,0,39,76,83,85,78,76,53,59,0,31,86
1,1,8,2,1,3,35,0,1,1,1,3,3,3,1,3,3,2,1,3,1,1,1,1,1,1,3,1,1,1,1,3,3,3,2,1,3,1,1,3,1,3,1,3,1,1,1,1,1,3,3,2,3,3,1,1,1,1,1,3,2,1,85,90,50,80,75,90,70,45,35,90,35,75,90,85,85,85,85,66,95,90,85,75,85,65,50,40,90,58,80,82,70,63,31,86,50,88,85,70,85,90,50,50,45,50,85,85,85,95,75,80,50,35,85
1,1,1,3,1,2,27,2,4,2,1,1,1,1,1,1,1,2,1,1,2,1,1,1,2,1,2,1,1,1,1,2,1,1,1,1,1,1,1,1,1,1,1,2,2,1,2,1,1,1,1,1,1,1,1,1,1,1,1,2,2,1,70,78,62,72,66,79,72,73,62,88,80,73,69,73,72,89,72,77,87,69,60,72,66,75,68,79,87,71,92,86,73,91,87,61,58,82,83,86,76,99,95,83,90,63,69,71,86,100,77,67,77,36,88
1,4,8,2,3,1,34,1,1,1,1,1,1,1,1,2,2,2,1,2,1,1,1,1,1,2,1,1,1,1,1,1,2,2,2,1,3,1,1,1,1,2,1,2,1,1,1,1,1,1,2,2,2,1,1,3,1,1,1,2,2,1,75,65,55,60,60,75,10,15,5,65,30,65,59,70,70,80,60,60,90,80,70,85,70,15,15,0,70,60,65,70,85,70,10,65,0,95,70,70,65,60,70,5,5,60,55,55,60,85,70,55,10,5,65
1,4,1,4,2,3,38,4,2,1,1,1,1,3,1,3,3,3,1,1,1,1,1,1,1,1,1,1,1,1,1,1,1,3,1,1,1,1,1,1,1,3,1,1,1,1,1,1,1,3,1,2,1,1,1,1,1,1,1,1,1,1,100,97,85,97,50,100,67,47,60,100,100,91,78,100,56,97,100,80,100,100,94,92,98,78,65,100,100,100,100,100,100,100,50,100,100,100,94,100,100,100,50,95,23,100,80,100,81,100,56,100,93,50,100
2,1,3,6,4,2,68,0,0,1,1,1,1,1,1,2,2,2,1,2,1,1,2,2,2,1,1,1,1,1,1,1,2,2,2,1,1,1,1,1,1,2,1,2,1,1,1,1,1,1,2,2,2,1,1,1,2,2,1,2,2,2,96,81,73,65,81,15,2,2,1,84,1,95,84,1,5,47,70,82,30,93,19,100,1,0,31,1,82,81,95,81,91,86,2,61,2,67,88,99,89,89,37,1,1,38,55,84,63,35,32,96,2,0,97
1,4,8,3,2,1,25,1,1,1,1,2,3,1,2,2,2,2,2,2,2,1,2,2,1,2,2,2,1,2,1,2,2,2,2,1,2,1,2,1,2,2,2,2,3,2,1,2,2,2,2,2,2,2,2,1,2,2,2,2,2,2,56,17,0,75,0,0,0,0,0,0,0,0,53,0,35,59,35,0,31,74,0,74,0,0,0,0,24,0,57,46,38,0,0,0,0,72,50,0,0,30,0,0,0,0,0,63,25,0,0,31,0,0,56
2,1,2,3,3,1,32,0,4,1,1,1,1,1,1,2,1,2,1,2,1,1,1,1,1,1,1,1,1,1,1,3,2,2,3,1,1,1,1,1,1,2,1,1,1,1,1,1,1,2,2,2,1,1,1,1,1,1,1,2,1,1,92,79,94,96,62,67,6,24,17,87,3,72,82,76,78,86,79,77,97,97,76,92,11,10,6,10,94,73,96,76,92,63,16,55,73,97,85,87,95,95,19,7,9,54,82,91,87,96,66,84,12,73,83
1,1,8,2,2,1,20,1,0,1,1,3,3,2,3,2,2,2,1,2,3,1,2,3,1,3,2,3,1,3,1,1,3,2,1,1,1,1,1,1,1,2,2,1,1,1,2,1,3,3,3,2,3,3,1,1,3,3,3,2,2,3,43,52,43,56,50,50,20,20,29,85,28,59,82,41,34,91,62,50,45,83,50,36,54,41,28,57,53,50,56,76,71,42,28,55,68,86,41,23,68,59,33,13,8,64,56,65,69,27,55,36,37,38,59
2,1,1,2,2,2,24,6,1,2,1,2,2,3,1,2,2,1,2,3,1,1,3,1,3,1,3,2,1,2,1,2,2,3,1,2,1,2,2,2,1,3,3,2,2,3,2,2,2,3,1,1,2,1,2,3,2,3,2,3,2,1,59,31,70,72,24,88,76,57,88,77,64,60,71,76,91,39,98,50,1,71,78,69,12,14,93,95,62,69,63,40,24,82,7,33,75,42,33,18,10,67,69,34,41,68,68,40,59,32,65,66,82,36,42
2,1,1,4,2,1,33,3,1,1,1,1,1,1,2,2,2,2,1,2,1,1,2,2,1,1,1,1,1,1,1,2,2,2,2,1,1,1,1,1,1,2,1,2,1,1,1,1,1,2,2,2,1,1,1,2,1,2,2,2,2,1,83,86,89,79,87,50,9,19,17,86,19,87,85,21,16,56,86,86,85,87,85,55,50,22,86,19,84,79,77,83,57,78,50,79,10,82,83,86,89,86,17,18,14,60,86,85,87,50,85,19,19,21,87
1,1,6,2,2,2,22,4,3,1,1,1,1,1,1,2,2,2,1,2,1,1,1,1,1,1,1,1,1,1,1,1,2,2,2,1,1,1,1,1,1,1,1,1,1,1,1,1,1,2,2,2,1,1,1,1,1,1,1,2,1,1,100,100,100,97,82,100,16,22,27,96,14,100,96,100,94,100,92,100,100,94,82,100,95,0,0,64,95,89,99,93,100,95,4,100,15,85,93,85,79,89,0,0,0,77,85,94,100,100,69,84,29,13,78
1,4,6,3,4,1,27,3,1,2,1,1,1,2,2,2,2,1,2,2,1,1,2,1,1,1,2,1,1,1,2,2,2,2,2,1,2,1,1,2,1,2,1,1,1,1,2,1,2,2,2,2,2,1,1,1,1,2,2,2,2,2,25,66,100,85,60,0,0,0,64,88,23,64,77,42,74,78,75,75,100,75,63,50,0,0,0,58,63,63,51,50,75,72,0,62,58,100,77,46,81,71,0,0,62,59,68,70,78,78,0,43,5,32,65
1,1,1,2,2,1,43,3,0,1,1,1,2,2,3,2,2,2,1,2,2,2,1,2,1,1,2,1,1,1,1,2,2,2,1,1,1,1,1,1,2,2,2,1,1,1,1,1,1,2,2,1,2,2,1,1,1,2,1,2,2,1,88,71,68,42,61,-99,9,17,32,69,12,41,63,78,35,79,59,56,75,79,63,82,18,13,9,60,74,69,78,84,81,36,19,41,60,61,63,58,79,78,14,9,80,32,75,64,61,70,11,56,9,44,65
1,1,6,4,3,1,25,1,3,1,1,1,1,1,1,2,2,1,1,2,1,1,1,1,1,1,1,1,1,1,1,1,1,2,1,1,1,1,2,1,1,2,1,1,2,1,1,1,1,1,2,2,1,1,1,1,1,1,1,2,2,1,85,91,69,80,77,70,35,45,65,84,36,63,89,77,84,91,76,73,84,76,74,82,55,56,72,47,86,85,72,78,86,82,42,78,92,86,82,75,77,91,43,30,40,60,83,92,79,84,41,75,43,80,75
1,1,6,3,2,1,27,1,0,1,1,2,1,1,2,2,2,2,1,2,2,1,1,1,1,2,2,1,1,2,1,2,2,2,2,1,2,2,1,1,1,2,1,1,1,2,2,1,1,2,2,2,2,1,2,1,1,2,2,2,2,2,61,51,21,72,45,6,9,4,62,76,6,15,68,75,64,76,69,43,93,53,8,58,4,7,7,18,70,39,21,66,94,60,20,47,55,83,46,11,83,75,2,13,22,10,28,29,64,58,25,3,2,7,20
1,1,6,3,2,2,33,1,0,1,1,3,1,1,1,2,2,1,1,2,1,1,1,1,1,1,1,1,1,1,1,1,2,2,3,1,3,1,1,1,1,3,1,1,1,1,1,1,1,2,2,3,3,3,1,1,1,2,1,2,2,1,70,68,59,81,80,69,31,33,52,79,31,63,55,89,73,83,68,58,87,87,65,62,70,35,38,58,73,54,71,62,83,64,30,73,84,80,85,64,77,75,32,28,46,57,39,69,63,88,-99,74,-99,-99,73
1,1,8,4,2,1,35,1,0,1,2,1,1,2,2,2,2,2,2,2,2,2,2,2,1,2,2,1,1,2,1,2,2,2,2,1,2,2,2,1,2,2,2,2,1,2,2,2,2,2,2,2,2,2,2,2,1,2,2,2,2,2,30,30,80,60,40,10,0,0,0,40,0,0,20,40,0,60,30,20,70,60,20,70,10,0,0,0,60,20,20,30,60,0,0,20,0,100,20,20,40,40,0,0,0,0,20,50,40,70,0,10,0,20,20
1,1,6,2,2,1,30,1,1,2,2,1,3,1,2,3,3,2,1,2,3,1,1,3,3,1,1,1,2,2,3,3,1,2,1,3,2,3,3,2,3,3,3,1,1,3,3,3,1,1,3,2,2,2,3,3,1,1,1,1,3,3,45,65,23,85,34,62,37,89,23,-99,28,78,60,67,40,34,56,-99,-99,-99,89,75,93,35,36,38,45,34,74,98,84,39,75,26,43,65,84,23,23,45,67,65,39,23,85,-99,38,89,57,-99,67,78,-99
2,1,1,2,2,2,27,5,2,1,1,1,1,1,1,2,1,1,1,2,2,1,1,2,1,2,1,1,1,1,1,1,2,2,2,1,2,2,1,1,2,2,1,1,1,1,1,2,1,2,2,1,2,1,2,1,1,1,2,1,1,1,100,84,83,99,78,100,31,89,93,85,0,0,73,78,28,100,32,72,100,62,70,91,82,27,29,65,100,77,74,100,100,66,59,70,83,76,93,100,99,92,0,73,66,80,70,77,82,84,73,7,84,82,79
1,1,6,5,3,2,27,0,1,1,2,2,1,1,1,2,2,2,1,2,2,2,1,1,1,2,2,1,1,2,1,1,2,2,2,1,2,1,1,1,2,2,2,1,1,1,1,2,2,2,2,2,2,2,2,2,1,2,2,2,2,1,88,41,16,70,53,95,0,0,5,62,0,12,52,78,71,86,77,17,92,93,46,89,60,3,1,28,69,16,88,71,87,44,0,55,23,76,53,71,32,30,8,14,5,32,35,57,41,65,0,57,0,0,59
2,1,1,4,3,2,32,1,2,1,3,1,1,1,1,3,1,3,1,2,1,1,2,1,1,1,2,1,1,1,1,1,3,2,3,1,1,1,1,1,1,3,1,1,1,1,1,1,3,1,1,2,2,1,1,1,1,1,3,3,2,3,65,86,67,93,68,82,50,66,32,87,50,68,66,64,73,100,83,69,100,89,65,89,81,48,50,37,62,61,60,65,90,50,50,95,40,100,88,93,65,78,24,89,33,50,71,75,60,78,78,66,50,32,62
2,1,8,2,2,1,26,1,0,1,1,1,1,2,3,2,1,2,1,2,2,2,2,1,1,2,2,1,1,1,1,2,2,2,1,1,2,1,3,1,1,2,1,2,1,1,1,1,2,2,2,2,1,2,1,1,1,2,1,2,2,2,56,84,87,88,75,68,0,59,0,77,3,11,78,11,88,90,62,32,93,81,57,84,-99,21,0,2,78,40,79,57,68,44,9,75,8,100,72,67,77,25,0,3,10,77,63,75,69,97,10,72,0,0,38
1,1,8,2,3,1,29,0,1,1,1,1,1,1,3,2,2,2,1,2,1,1,1,1,1,1,1,1,1,1,1,3,2,2,3,1,1,1,1,1,1,2,1,3,1,1,1,1,1,3,3,2,1,1,1,1,1,1,1,2,3,1,92,74,82,78,75,50,5,2,18,78,15,62,84,86,88,90,91,89,91,85,87,89,50,2,2,5,82,70,86,89,83,83,9,86,10,83,81,72,87,83,50,10,6,56,81,74,77,80,30,70,7,30,92
1,1,2,3,4,1,41,2,3,1,1,1,1,1,1,2,1,3,1,2,1,1,1,1,1,1,1,1,1,1,1,1,2,2,1,1,1,1,1,1,2,1,1,1,1,1,1,1,1,3,2,2,2,2,1,1,1,1,1,2,2,1,79,79,91,65,56,95,6,45,7,87,3,16,50,68,77,96,75,76,98,63,54,96,50,0,14,27,94,37,73,92,100,46,16,26,78,92,97,93,75,97,0,0,8,11,58,60,75,94,82,26,4,14,54
2,1,8,3,2,1,21,6,5,1,1,1,1,1,2,1,1,1,1,1,1,1,1,1,1,1,1,1,1,1,1,2,1,1,1,1,3,1,1,1,1,1,1,1,1,1,2,1,1,2,1,2,1,1,1,1,1,1,1,1,1,1,78,79,80,85,73,0,35,74,61,80,88,90,91,100,77,100,77,38,100,100,75,81,0,66,70,0,72,74,84,82,100,78,67,83,60,72,71,79,87,66,21,67,35,79,77,68,82,75,80,80,86,76,75
2,1,1,2,3,2,28,2,0,1,2,3,2,2,3,1,1,1,1,3,1,2,1,1,3,2,1,1,1,2,2,2,3,1,2,1,3,3,1,2,2,1,1,1,2,1,1,1,1,1,1,1,1,2,1,3,2,2,2,2,1,2,60,62,72,76,68,77,75,78,37,29,63,72,71,62,69,55,63,63,62,72,75,65,61,67,57,62,80,68,76,36,66,78,52,76,35,39,50,35,69,28,74,69,66,68,58,72,39,59,30,70,16,43,53
1,1,2,4,3,1,33,2,2,1,1,1,1,1,3,2,1,1,1,3,1,1,1,1,1,1,1,1,1,1,1,3,1,1,1,1,1,1,1,1,1,1,1,1,1,1,1,1,1,3,1,2,1,3,1,1,1,1,1,1,1,1,50,83,95,80,100,50,10,50,30,100,50,85,94,80,75,100,85,50,95,100,80,95,50,30,55,50,95,75,90,85,100,85,50,70,90,100,85,94,100,90,25,59,50,75,50,75,100,75,19,61,10,75,73
2,2,8,3,2,2,37,2,0,1,1,1,1,1,1,1,2,2,1,2,1,2,1,2,1,1,2,1,1,1,1,2,2,2,1,1,1,1,1,1,1,2,1,2,1,1,1,1,1,1,1,1,2,2,1,1,1,1,1,2,1,1,90,95,81,86,81,84,55,57,78,75,12,74,84,81,63,98,80,62,98,86,89,95,66,20,32,72,84,37,89,82,95,72,5,76,89,93,73,72,79,58,65,65,61,37,76,68,88,89,82,69,15,80,72
2,4,1,5,4,2,36,3,1,1,1,1,1,1,1,1,1,1,1,1,1,1,1,1,1,1,1,1,1,1,1,1,1,1,1,1,1,1,1,1,1,1,1,1,1,1,1,1,1,1,1,1,1,1,1,1,1,1,1,1,1,1,70,58,74,69,60,61,55,68,76,77,73,71,65,68,74,67,64,67,68,78,63,65,65,69,76,63,72,77,69,71,61,68,65,66,63,69,78,70,61,78,65,71,74,71,69,75,68,69,69,73,74,64,66
1,1,2,2,1,1,24,2,1,1,1,1,1,1,2,2,2,2,2,2,2,1,2,2,2,2,2,1,1,1,1,2,2,2,1,1,1,1,1,2,1,2,2,1,1,1,1,1,1,2,2,1,2,1,2,2,1,2,1,2,2,2,86,83,72,55,74,22,0,0,25,65,0,0,83,17,46,40,66,82,89,82,67,61,0,0,0,61,56,62,67,100,43,78,0,59,72,100,86,100,63,68,0,0,74,16,76,58,57,76,0,5,0,0,57
2,1,2,2,3,2,50,2,3,1,1,3,1,3,1,3,3,2,1,3,3,1,1,1,1,1,3,1,1,3,1,1,3,3,3,1,3,1,1,1,1,3,1,1,1,1,1,1,1,3,1,2,1,1,1,1,1,1,1,3,3,1,74,69,-99,85,-99,76,-99,-99,-99,72,-99,-99,77,74,86,100,62,-99,100,75,-99,90,70,-99,-99,-99,80,-99,60,-99,100,59,-99,67,82,100,75,73,79,90,-99,70,-99,57,74,75,82,100,82,63,-99,-99,71
1,1,7,2,2,1,25,0,1,1,1,3,1,1,3,2,2,3,1,2,1,3,3,1,1,1,3,1,1,1,1,2,2,2,2,1,3,1,1,1,1,2,3,1,1,3,1,3,1,2,2,2,2,1,3,3,1,2,1,2,3,1,74,82,67,83,83,72,13,12,49,69,18,57,63,80,67,82,64,57,86,72,67,62,51,26,20,41,81,61,58,74,81,67,18,67,73,84,56,73,72,67,41,8,25,51,70,57,69,84,14,60,16,57,59
2,5,2,4,3,1,21,2,1,1,1,1,1,1,2,2,2,2,1,2,2,1,2,1,1,1,1,1,1,1,1,1,2,2,2,1,1,1,1,1,1,2,1,1,1,1,1,1,1,2,2,2,2,1,1,1,1,2,1,2,2,1,85,79,83,100,73,76,0,0,0,84,0,61,83,14,79,69,87,22,82,84,72,76,74,0,0,7,80,62,69,74,67,52,0,62,83,96,90,68,71,86,0,0,10,0,79,83,80,100,0,73,0,0,75
1,1,1,2,2,2,33,3,2,1,1,2,1,3,1,2,2,2,1,1,1,2,1,1,1,1,2,1,1,2,1,1,2,2,1,1,2,1,1,1,1,2,2,1,1,1,1,1,1,1,2,1,2,1,1,1,1,1,1,2,1,2,100,100,0,100,50,100,0,0,75,100,100,75,50,100,100,100,50,100,100,100,50,100,100,0,0,100,100,0,100,100,100,100,0,100,100,100,100,100,100,100,50,0,100,25,100,100,75,100,75,100,50,100,100
2,1,1,4,3,1,50,4,1,1,1,1,1,1,1,2,2,1,1,2,1,1,1,1,1,1,1,1,1,1,1,1,2,2,1,1,1,1,1,1,1,2,1,1,1,1,1,1,1,1,2,2,2,1,1,1,1,2,1,2,2,1,61,57,83,83,67,63,14,10,47,59,12,70,65,64,70,94,62,53,57,82,70,91,66,12,15,26,82,55,87,75,87,75,13,67,43,100,87,72,62,53,55,4,36,41,58,63,66,80,48,64,18,35,64
1,1,8,2,2,1,28,3,3,1,1,1,1,3,1,2,2,2,1,2,1,1,1,1,1,1,1,1,1,1,1,1,2,2,1,1,2,1,1,1,1,2,1,1,1,1,1,1,1,2,2,1,2,1,1,1,1,2,1,2,1,1,87,93,83,92,62,68,0,3,25,83,5,45,79,93,95,96,86,88,97,89,68,83,56,0,17,97,95,45,95,99,100,63,2,67,95,100,83,88,81,76,0,3,98,38,63,71,89,80,11,90,2,86,95
1,4,8,4,3,1,28,1,1,1,1,1,2,1,1,2,2,2,1,2,2,1,2,1,1,1,2,1,1,3,1,2,2,2,2,1,1,1,1,1,2,2,2,1,1,1,2,1,1,2,2,2,2,2,2,2,1,2,2,2,2,2,94,60,84,76,56,78,0,0,70,78,0,38,66,23,61,67,69,58,86,93,78,71,50,0,0,65,59,79,89,85,73,22,0,63,71,86,78,50,80,84,0,0,26,29,66,65,50,89,0,10,0,75,60
2,5,1,3,2,1,25,3,0,1,1,1,1,1,2,2,2,2,1,1,1,1,3,2,3,1,1,1,1,1,1,2,1,3,1,1,1,2,1,1,2,2,1,2,1,1,1,1,1,2,2,2,2,2,1,1,1,2,1,2,1,1,68,60,41,93,69,0,2,3,35,86,1,58,76,80,26,82,90,38,89,67,30,65,5,28,41,61,79,26,63,78,87,63,10,55,30,93,80,83,83,69,5,4,22,37,29,76,41,66,27,17,9,60,68
2,1,1,2,3,2,63,1,2,1,1,1,1,1,1,2,2,1,1,2,2,1,2,1,1,2,2,1,1,1,1,1,2,2,2,1,1,1,1,1,1,2,1,1,1,1,1,1,1,2,2,2,2,1,1,1,1,2,1,2,2,1,89,88,78,88,71,76,0,17,50,65,0,0,75,12,71,87,59,50,68,77,61,93,50,5,7,12,87,74,64,91,85,62,0,64,50,100,80,73,81,66,35,6,1,0,82,65,73,59,57,50,0,50,66
1,4,8,4,3,2,25,4,2,1,1,1,1,1,1,2,2,2,2,2,2,1,1,1,1,2,1,1,1,1,1,2,2,2,2,1,2,1,1,1,2,2,2,2,1,1,1,1,1,2,1,2,1,1,1,1,1,1,1,2,2,1,77,76,67,56,83,54,9,2,26,68,24,55,76,59,70,59,64,68,59,72,87,67,19,30,16,40,79,47,68,86,79,55,13,41,50,59,85,68,79,88,11,8,50,24,78,62,60,75,60,84,14,38,68
1,3,1,4,1,2,32,4,2,2,1,1,2,2,1,1,3,1,1,1,1,2,1,2,2,1,2,1,2,1,2,2,1,1,3,2,1,2,2,2,1,2,1,1,1,2,1,2,2,1,2,1,1,1,1,2,1,2,1,2,1,1,59,50,46,61,44,59,37,42,52,43,46,50,46,43,52,51,53,52,45,53,50,48,47,46,53,47,51,45,50,53,50,48,46,48,53,46,52,55,48,97,56,54,43,53,46,43,54,59,41,43,44,54,52
2,1,1,2,1,3,51,5,2,1,1,3,3,1,1,2,2,2,1,3,1,1,3,1,1,1,1,1,1,1,1,3,2,3,2,1,1,1,1,1,1,3,1,3,1,1,1,1,1,3,3,1,3,1,1,3,1,3,3,2,2,3,58,64,56,67,82,93,26,10,13,62,12,13,61,56,17,60,57,56,56,65,93,66,78,8,40,24,62,62,53,69,67,56,5,70,2,61,61,65,60,61,23,24,10,30,76,59,58,60,36,69,13,10,62
1,4,8,5,2,1,28,0,3,1,1,1,1,1,1,2,2,2,1,2,2,1,2,1,1,2,2,1,1,2,1,2,2,2,2,1,2,1,1,1,2,2,2,1,1,1,1,1,1,2,2,2,2,2,2,1,1,2,2,2,2,2,62,77,88,74,55,96,14,14,45,60,27,60,79,67,62,63,34,42,98,73,56,65,24,1,9,28,86,53,74,69,85,65,12,47,65,85,89,70,72,81,14,7,19,26,55,76,69,91,31,64,22,57,59
1,1,6,3,2,2,22,3,1,1,1,1,2,1,1,2,3,3,1,2,3,1,1,1,1,1,3,1,1,3,1,3,3,1,2,1,3,1,1,1,3,2,1,1,1,1,1,1,1,2,3,2,3,3,1,1,1,3,1,2,2,1,79,85,73,87,88,76,-99,-99,72,76,56,62,73,89,80,80,72,72,89,82,83,78,62,-99,70,81,77,72,82,69,78,71,-99,81,94,96,91,87,87,71,-99,-99,21,89,63,64,82,73,40,79,50,60,77
1,1,2,3,4,1,35,1,0,1,1,1,1,1,3,2,2,2,1,2,2,1,1,1,1,1,2,1,1,1,1,3,2,2,3,1,2,1,1,1,1,2,1,1,1,1,1,1,1,2,2,1,2,1,1,1,1,2,1,2,2,1,75,67,57,62,65,-99,33,33,54,64,37,56,68,81,63,72,69,46,82,74,63,69,-99,27,40,65,62,64,71,74,79,59,25,55,73,80,62,59,71,82,24,28,70,26,70,69,74,68,44,56,41,41,64
1,1,2,2,3,1,29,0,1,1,1,1,1,1,1,2,2,2,1,2,1,1,1,1,1,1,2,1,1,1,1,1,2,2,2,1,3,1,1,1,3,2,1,3,1,1,1,1,1,3,2,1,3,1,1,1,1,1,1,2,3,1,90,55,70,90,75,55,0,0,10,80,0,60,55,85,70,100,60,60,100,84,72,100,65,10,0,5,84,0,70,85,100,60,0,60,15,100,85,80,75,70,50,0,0,50,75,95,59,100,50,59,0,0,73
1,1,6,3,3,1,49,0,2,1,2,2,1,2,1,2,2,2,1,2,2,2,1,1,1,2,1,1,1,1,1,2,2,2,2,1,2,1,2,1,2,2,2,1,1,1,2,1,1,2,2,2,2,2,1,1,1,2,2,2,2,1,50,45,50,97,11,73,0,0,4,70,0,0,53,100,56,100,26,54,100,99,61,64,0,0,0,0,99,4,50,49,99,50,0,50,91,99,85,1,100,86,0,2,1,4,50,73,73,99,2,0,0,50,62
1,5,1,5,3,2,33,6,1,1,1,2,1,1,1,2,1,2,1,1,2,1,1,1,1,1,1,1,1,2,1,2,1,2,2,1,2,1,1,1,2,2,1,2,1,1,1,1,2,2,1,2,1,1,1,1,1,1,1,1,2,1,66,66,48,88,67,67,52,50,24,70,61,56,62,79,65,90,64,65,90,79,48,100,48,50,42,12,82,36,88,88,89,41,58,75,31,90,84,55,59,65,59,63,32,64,50,98,75,66,69,50,54,33,57
1,1,8,4,1,2,34,3,1,1,2,2,1,2,1,2,2,2,1,2,2,1,1,1,1,1,2,1,1,1,1,2,2,2,2,1,1,1,1,1,2,2,2,2,1,1,1,2,2,2,2,2,2,2,2,2,1,2,2,2,2,2,50,40,35,55,25,40,5,15,5,40,10,25,35,20,40,50,35,35,70,60,35,50,30,15,0,15,45,45,35,35,50,35,10,25,10,65,55,50,30,40,10,25,15,15,35,20,45,55,10,30,0,15,45
3,6,9,7,1,1,26,2,2,1,1,1,1,1,1,2,1,2,1,2,1,1,2,1,1,1,1,2,1,1,1,1,2,2,1,1,1,1,1,1,1,2,1,2,1,1,1,1,1,2,2,2,1,1,1,1,1,1,1,2,2,1,89,76,45,94,66,68,3,52,6,70,0,55,39,17,60,87,45,60,31,69,59,72,59,1,15,22,76,92,85,79,97,78,21,74,8,80,68,61,76,65,0,5,17,51,55,86,53,70,73,66,21,16,71
2,1,8,3,2,1,35,0,2,1,1,1,1,1,1,3,3,1,1,1,1,1,1,1,1,1,1,1,1,1,1,3,1,3,1,1,1,1,1,1,1,1,1,1,1,1,1,1,1,3,3,1,1,1,1,1,1,1,1,1,1,1,100,100,88,100,72,89,50,65,67,98,100,89,100,100,72,100,91,78,100,100,90,91,67,76,70,100,100,86,80,95,100,82,49,74,100,100,100,81,95,93,49,93,84,75,81,81,67,92,70,80,50,90,86
1,1,1,5,3,1,36,3,2,1,1,1,3,1,3,2,2,2,1,2,1,1,3,1,1,1,1,1,1,1,1,2,2,2,2,1,2,1,1,1,1,2,1,2,3,1,1,1,2,1,1,2,2,2,1,1,1,2,1,2,2,3,89,53,87,70,71,0,26,0,25,91,6,55,78,70,25,96,93,81,61,95,72,72,1,2,3,4,81,11,83,78,95,60,5,65,34,50,94,75,77,40,3,2,8,35,45,83,53,85,12,65,0,1,80
2,1,1,2,2,3,32,5,5,1,1,1,1,1,1,2,2,2,1,2,1,1,1,1,1,1,1,1,1,1,1,1,2,2,2,1,1,1,1,1,1,2,1,2,1,1,1,3,1,2,2,2,2,3,1,1,1,3,1,2,2,1,83,76,76,86,69,78,14,40,0,76,25,66,81,70,62,89,75,59,89,92,71,89,62,15,15,16,83,65,83,87,85,79,28,79,1,98,99,77,65,74,1,6,5,34,84,89,84,90,11,62,1,8,77
1,1,8,1,3,1,33,1,1,1,1,1,1,2,1,2,2,2,1,2,1,2,2,1,1,2,1,1,1,1,1,2,2,2,2,1,1,1,1,1,1,2,1,1,1,1,1,2,2,2,2,1,2,1,1,2,1,2,2,2,1,2,80,10,20,80,30,5,0,0,15,50,0,0,20,60,60,100,50,60,100,100,65,100,0,0,0,50,60,15,75,60,80,30,0,50,100,100,100,100,10,50,0,0,60,5,19,60,50,100,0,10,0,50,0
1,1,6,4,1,1,33,2,1,1,1,1,1,1,1,1,3,3,1,2,1,1,1,1,1,1,1,1,1,1,1,1,2,2,1,1,1,1,1,1,1,2,1,1,1,1,1,1,1,2,2,1,1,1,1,1,1,2,1,2,2,1,78,81,81,71,59,89,63,24,56,69,18,64,78,82,63,77,59,59,97,83,81,81,90,31,32,54,74,78,68,72,80,76,29,67,69,75,85,79,74,84,47,34,71,71,69,82,76,88,28,63,25,26,61
1,1,7,2,1,1,23,0,0,1,1,1,1,1,1,2,2,2,1,2,1,1,1,1,1,1,1,1,1,1,1,2,2,2,2,1,1,1,1,1,1,2,1,2,1,1,1,1,1,2,2,2,1,1,1,1,1,1,1,2,2,1,0,82,69,78,75,5,0,0,0,66,0,58,78,80,41,100,59,81,93,100,79,93,22,0,0,10,74,38,87,91,100,85,0,83,84,100,69,75,77,19,0,0,0,62,61,78,49,93,19,41,0,7,61
2,2,8,2,2,3,20,0,2,1,1,1,1,1,1,2,2,2,1,2,1,1,1,1,1,1,1,1,1,1,1,1,2,2,2,1,1,1,1,2,1,2,2,1,1,1,1,1,1,1,1,2,2,1,1,1,1,2,1,2,2,1,90,85,75,55,65,100,12,25,45,70,0,80,80,52,55,80,70,60,70,80,80,100,60,2,0,0,85,70,65,100,35,70,31,55,65,75,95,95,80,90,56,52,45,50,60,55,70,60,50,55,50,40,60
2,1,1,4,1,1,38,3,3,1,1,1,1,1,1,3,1,1,1,3,1,1,3,1,1,1,1,1,1,1,1,1,3,3,1,1,3,1,1,1,1,2,1,1,1,1,1,1,1,1,3,3,1,1,1,1,1,1,1,1,1,1,94,99,96,97,95,77,41,98,97,89,42,78,92,77,61,93,86,81,93,94,93,92,77,47,59,33,91,87,96,97,99,94,63,96,74,96,91,92,93,84,92,62,40,95,75,95,84,91,84,94,72,56,95
2,1,1,2,2,2,33,2,3,1,1,1,1,1,1,2,2,2,1,2,1,1,1,1,1,1,1,1,1,1,1,1,2,2,2,1,1,1,1,1,1,2,1,2,1,1,1,1,1,2,2,2,2,1,1,1,1,1,1,3,1,1,90,87,66,82,79,63,0,0,12,88,0,66,90,66,8,93,88,79,93,95,81,90,53,0,18,0,88,95,92,95,96,69,1,76,8,93,95,91,95,92,8,0,0,11,95,85,90,76,79,64,0,66,73
1,2,6,4,2,1,21,1,5,1,1,1,1,1,1,2,2,1,1,2,1,1,1,1,1,1,1,1,1,1,1,1,1,1,1,1,1,1,1,1,1,1,1,1,1,1,1,1,1,1,1,2,1,1,1,1,1,2,1,2,1,1,46,52,57,37,50,80,33,42,68,66,33,83,96,73,85,87,89,75,100,87,79,84,39,63,66,59,77,78,72,74,62,82,24,60,37,63,71,83,50,80,65,41,62,75,72,79,64,65,82,86,80,53,69
1,1,1,4,3,2,66,2,1,1,1,1,1,2,1,2,2,2,1,2,1,1,1,1,1,1,1,1,1,1,1,1,2,2,2,1,1,1,1,1,1,2,1,1,1,1,1,1,1,2,2,1,1,2,1,1,1,1,1,2,2,1,74,60,83,69,66,96,39,36,43,80,28,56,82,97,70,84,66,86,97,74,97,83,55,2,38,77,67,75,82,75,72,67,41,63,74,78,88,71,86,75,46,37,77,52,73,67,76,80,84,59,42,45,70
1,2,1,4,4,3,35,3,2,2,1,1,1,2,1,2,2,2,1,1,3,2,1,1,1,1,2,1,1,1,1,1,1,3,1,1,2,1,1,1,1,2,1,2,1,1,1,1,1,1,1,2,1,2,1,1,1,2,1,1,2,1,30,89,70,90,50,100,0,0,0,85,88,30,91,100,85,100,76,88,100,100,91,100,100,71,87,0,100,100,100,100,100,76,16,100,35,100,76,89,100,100,70,100,0,70,94,95,100,100,72,88,81,27,100
1,1,8,2,2,1,37,1,3,1,1,1,1,1,2,2,2,2,1,2,2,1,1,1,1,1,1,1,1,1,1,2,2,2,2,1,1,1,1,1,2,2,2,1,1,1,1,1,1,2,2,1,2,1,2,2,1,2,2,2,1,2,100,91,87,90,85,0,7,0,43,81,0,29,70,63,77,91,70,67,100,100,100,100,9,0,59,29,95,88,89,99,100,58,0,63,61,100,73,100,100,100,0,0,53,40,100,55,56,100,13,54,0,55,53
2,2,2,2,3,2,29,0,1,1,1,1,1,1,1,2,1,2,1,2,1,1,1,1,1,1,1,1,1,1,1,1,1,2,2,1,1,1,1,1,1,2,1,1,1,1,1,1,1,2,2,2,1,1,1,1,1,1,1,1,2,1,86,78,82,70,78,86,52,61,26,82,29,62,82,73,75,75,74,56,77,79,79,63,66,55,22,32,68,66,79,71,61,81,24,86,67,81,88,77,87,67,12,47,25,76,77,67,56,81,44,57,36,7,65
1,1,8,4,2,3,23,1,1,1,1,1,1,1,1,2,2,2,1,2,1,1,1,2,1,1,1,1,1,3,1,1,2,2,1,1,1,1,1,1,1,2,1,1,1,1,1,1,1,2,2,1,2,1,1,1,1,2,2,2,2,2,80,70,65,80,70,100,0,40,40,80,0,50,90,60,20,95,70,60,90,90,80,90,100,0,25,60,90,60,70,90,80,80,0,51,65,90,90,90,80,80,0,0,50,50,80,60,70,80,20,55,15,40,70
1,1,8,2,3,1,36,0,2,1,1,1,1,2,1,2,2,2,1,2,2,1,1,1,1,1,1,1,1,1,1,1,3,2,2,1,3,2,1,1,2,2,1,2,1,1,1,1,1,1,2,1,2,1,1,1,1,2,2,2,1,2,90,62,91,80,81,93,58,12,24,67,6,54,27,76,88,77,40,83,100,67,83,79,91,5,14,35,87,50,61,79,86,40,0,25,40,100,75,44,77,73,63,8,35,11,52,55,77,99,11,30,26,57,50
2,4,8,2,4,1,24,3,1,1,1,1,1,1,1,2,2,2,1,2,1,1,2,1,1,2,2,1,1,2,1,2,2,2,1,1,2,1,1,1,1,2,2,1,1,1,1,1,2,2,2,1,2,1,1,1,1,2,2,2,2,1,76,82,57,86,52,85,31,41,5,98,37,78,55,46,58,87,52,48,95,92,55,64,23,45,23,60,89,50,55,67,65,78,13,50,62,82,65,62,71,56,13,30,53,24,73,83,81,88,40,53,22,31,59
1,6,9,7,2,3,34,1,3,2,2,2,2,2,3,2,2,2,2,1,2,2,2,2,2,2,2,3,3,3,1,3,3,3,3,3,2,2,2,2,2,2,2,2,2,2,1,2,2,2,2,2,2,2,2,3,2,2,2,2,2,2,63,47,42,37,45,39,45,36,42,45,66,41,43,42,41,35,38,46,40,46,46,55,42,44,40,44,46,41,41,42,45,43,37,43,40,41,57,43,46,43,50,44,46,41,44,42,37,39,38,41,37,44,46
1,1,8,6,3,1,61,0,1,1,1,1,2,1,1,2,2,2,1,2,2,1,1,2,1,1,2,1,1,1,1,1,2,2,2,1,2,1,1,1,1,2,2,3,1,1,1,1,1,2,2,1,2,1,1,1,1,1,2,2,1,1,82,77,53,24,82,100,29,38,36,62,0,9,90,75,55,98,77,2,68,81,74,99,51,3,0,2,71,38,70,64,100,70,11,44,22,80,82,67,77,81,5,1,17,55,77,65,70,77,89,22,8,69,69
1,1,1,5,2,1,32,1,1,1,1,1,1,1,2,1,2,1,1,2,1,1,1,1,1,1,1,1,1,1,1,1,2,1,1,1,1,1,1,1,1,2,1,1,1,1,1,1,1,1,1,1,1,1,1,1,1,2,1,1,1,1,98,27,37,43,57,0,0,0,59,39,0,18,81,20,62,100,35,12,83,89,59,75,0,0,0,87,75,86,76,92,86,54,0,62,95,84,35,34,75,91,13,21,82,18,92,72,77,60,0,11,19,86,30
1,1,8,4,2,1,26,0,0,1,1,1,1,1,3,2,2,2,1,3,1,1,3,1,1,1,1,3,1,1,1,2,2,2,1,1,1,1,1,1,1,2,1,1,1,1,1,1,1,2,2,1,2,1,1,1,1,1,1,2,2,1,62,58,55,53,57,3,4,10,20,50,4,55,53,28,46,50,56,48,26,57,47,54,3,0,0,47,64,60,36,63,59,27,16,28,55,64,76,67,67,53,2,6,50,44,55,38,52,57,11,62,6,25,53
1,1,2,2,3,1,22,0,3,1,1,1,1,2,1,2,2,1,1,2,1,1,1,1,1,1,1,1,1,1,1,3,2,2,1,1,1,1,1,1,1,2,1,1,1,1,1,1,1,2,2,1,2,1,1,1,1,2,1,2,1,1,100,100,100,100,80,60,0,0,60,100,0,70,100,100,100,100,75,100,100,100,70,100,0,0,0,100,100,70,100,100,100,70,0,65,100,100,100,100,100,76,0,0,100,0,100,100,100,100,0,70,0,80,100
2,1,1,2,2,1,39,2,0,1,1,1,1,1,1,2,3,3,1,1,1,1,1,1,1,1,1,1,1,1,1,1,2,2,2,1,1,1,1,1,1,2,1,2,1,1,1,1,1,3,2,3,1,1,1,1,1,1,1,3,3,1,82,83,76,82,74,84,23,48,41,62,52,57,75,56,66,75,62,52,81,82,85,86,58,36,37,31,78,71,83,78,92,71,54,70,21,85,74,67,74,69,41,45,29,54,80,73,57,74,69,58,45,36,72
1,2,8,4,4,2,29,0,2,1,1,1,1,1,1,2,2,1,1,2,1,1,1,1,1,1,1,1,1,1,1,3,1,3,1,1,1,1,1,1,1,1,1,1,1,1,3,1,1,2,2,1,3,3,1,1,1,3,1,2,1,1,54,56,61,55,60,59,73,0,54,71,0,-99,67,77,75,89,57,67,89,79,80,60,69,58,56,61,71,72,77,65,66,76,78,62,74,85,72,75,66,73,0,77,78,66,55,56,65,74,-99,55,0,57,60
2,4,1,5,4,2,34,5,1,1,1,2,1,1,1,1,2,1,1,2,1,1,1,1,1,1,1,1,1,1,1,1,1,1,1,1,1,1,1,1,1,1,1,1,1,1,1,1,1,1,1,1,1,1,1,1,1,1,1,1,1,1,84,86,73,92,77,92,72,68,78,86,64,85,88,92,88,90,80,82,83,85,80,76,68,75,79,79,83,83,86,86,90,84,82,85,78,84,79,86,83,79,74,83,82,81,77,90,90,99,84,74,90,56,65
1,1,6,2,3,1,24,8,4,1,2,1,1,2,1,2,2,2,2,2,2,1,2,2,1,2,2,1,1,2,1,2,2,2,2,1,1,1,1,1,1,2,1,1,1,1,1,1,1,2,2,1,2,2,2,1,1,2,2,2,2,2,73,62,49,71,22,70,1,6,6,66,6,32,27,64,11,95,53,6,96,85,45,87,1,0,3,40,80,62,64,83,96,73,0,72,70,90,72,62,81,69,4,0,61,29,51,56,75,76,2,30,2,4,66
2,5,8,5,2,2,34,0,3,1,1,1,1,1,1,2,2,2,1,2,1,1,2,1,1,1,2,1,1,1,1,2,2,2,2,1,1,1,1,1,1,2,1,1,1,1,1,1,1,2,1,2,2,1,1,1,1,2,1,2,2,1,100,100,80,90,80,100,0,0,0,100,10,91,100,30,80,90,80,75,100,100,100,100,13,0,5,10,100,85,100,100,100,80,0,70,15,100,100,100,85,80,0,70,10,50,80,100,70,100,59,100,0,0,81
1,4,1,4,2,2,40,5,1,1,1,2,1,2,1,1,2,2,1,1,1,1,1,1,1,1,2,1,1,1,2,2,2,1,1,1,1,1,1,1,2,2,1,1,1,1,1,1,1,2,2,2,2,2,1,1,2,1,2,2,2,1,100,100,1,95,70,98,97,1,86,100,99,79,100,100,99,100,99,22,100,98,100,8,5,13,88,79,100,50,100,100,99,12,4,99,50,99,100,99,10,83,11,51,11,97,58,50,99,93,94,80,90,71,69
1,1,2,5,3,2,59,0,4,1,1,1,1,1,1,1,1,2,1,2,1,1,2,1,1,1,1,1,1,1,1,1,2,2,2,1,1,1,1,1,1,1,1,2,1,1,1,1,1,1,1,2,1,1,1,1,1,1,1,1,2,1,96,93,62,90,75,69,32,62,33,93,17,66,98,42,68,89,92,92,86,94,90,95,71,28,31,50,94,80,94,93,84,89,76,82,50,94,92,90,93,97,53,43,16,80,99,92,82,90,79,76,75,44,80
2,1,2,2,1,1,24,0,0,1,1,1,1,1,1,2,2,2,1,2,1,1,1,1,1,1,1,1,1,1,1,1,2,2,1,1,1,1,1,1,1,2,1,1,1,1,1,1,1,2,2,3,1,1,1,1,1,2,1,2,1,1,85,100,85,65,100,-99,0,0,15,100,0,82,100,72,72,100,84,62,100,100,77,100,15,0,0,50,100,86,100,87,100,67,0,100,90,100,100,90,78,100,0,0,49,66,87,100,61,100,0,93,0,54,71
1,4,6,4,1,2,23,4,5,1,1,1,1,2,1,2,1,2,1,2,1,1,2,1,1,1,2,1,1,1,1,2,2,2,1,1,2,1,2,2,2,2,2,1,1,2,2,1,1,2,1,2,2,1,2,2,2,1,2,2,2,2,17,10,88,100,19,79,5,79,13,9,19,93,13,4,87,99,8,25,86,81,18,99,6,13,3,90,91,26,88,24,19,21,86,25,86,92,21,86,92,100,11,9,81,8,88,19,17,15,93,22,80,13,83
1,1,8,2,3,1,30,0,4,1,1,2,2,1,1,2,2,2,1,2,1,1,2,1,1,1,1,1,1,1,1,1,2,2,2,1,2,1,1,1,1,2,2,3,1,1,2,1,1,1,2,2,2,1,1,2,1,1,1,2,2,1,85,85,46,61,70,70,9,15,25,73,7,83,85,25,57,75,74,70,80,77,75,67,44,27,1,37,90,45,86,79,89,69,1,68,45,78,85,65,57,83,56,6,42,60,76,89,54,69,65,64,3,25,71
2,7,1,4,3,1,37,1,1,1,1,1,1,1,1,2,2,1,1,2,1,1,1,1,1,1,1,3,1,1,1,1,2,3,1,1,1,1,1,1,1,2,1,1,1,1,1,1,3,2,2,1,1,3,1,3,1,2,1,2,3,1,73,82,74,84,60,61,48,-99,52,95,-99,60,90,60,75,87,80,62,51,98,90,99,60,55,-99,95,95,77,86,97,92,90,50,72,98,99,92,80,72,66,50,46,98,54,65,93,60,95,7,70,0,52,89
1,5,1,2,3,1,26,2,1,1,1,1,1,1,2,2,2,2,1,2,2,1,2,1,1,2,2,1,1,1,1,2,2,2,2,1,1,1,1,1,1,2,1,1,1,1,1,1,1,2,2,2,2,2,1,1,1,2,3,2,2,1,92,84,67,71,90,0,4,0,52,96,5,61,94,86,57,87,56,53,85,74,50,71,0,5,10,52,100,76,89,100,83,73,0,71,79,98,58,56,86,100,21,8,50,52,50,90,55,53,6,56,0,50,88
1,1,2,2,4,1,24,0,2,1,1,1,1,1,1,1,1,1,1,1,1,1,1,1,1,1,1,1,1,1,1,1,1,1,1,1,1,1,1,1,1,1,1,1,1,1,1,1,1,1,1,1,1,1,1,1,1,1,1,1,1,1,100,100,50,50,50,50,100,100,50,100,100,100,100,100,100,100,100,100,100,100,100,100,50,100,100,100,100,100,100,100,100,100,100,100,100,100,100,100,100,100,100,100,100,100,100,100,100,100,100,100,100,100,100
1,4,7,5,2,1,27,2,1,2,1,2,1,1,2,2,2,1,1,1,1,1,1,1,1,1,1,1,1,2,1,2,2,2,1,1,2,1,1,1,2,2,1,1,1,1,1,1,1,2,2,2,2,2,1,1,1,2,1,1,2,1,96,97,59,98,50,50,59,50,96,95,99,96,98,100,99,99,99,99,100,97,80,97,48,50,39,98,97,7,97,98,98,60,57,97,89,93,100,100,96,100,1,1,0,98,3,90,92,100,25,96,78,1,100
1,1,6,4,2,1,33,1,1,1,1,3,1,1,3,2,2,2,1,2,3,1,1,1,1,1,3,1,1,2,1,3,2,2,2,1,1,1,1,1,1,2,1,3,1,1,2,1,1,3,2,2,3,1,1,1,1,3,1,2,2,1,86,83,55,65,75,34,23,27,13,81,28,64,64,61,63,80,74,57,83,71,32,60,27,27,17,53,72,66,72,80,85,60,14,71,42,89,72,78,59,79,30,22,32,52,67,67,79,65,40,48,18,17,61
2,2,6,4,2,1,21,1,2,1,1,2,2,1,1,1,1,1,1,1,1,1,1,2,1,2,2,1,1,1,1,2,2,2,1,1,1,1,1,1,1,1,1,1,1,2,1,2,1,1,1,1,1,1,1,2,2,2,1,1,1,1,61,80,66,92,79,77,83,16,68,73,85,72,82,67,69,30,62,54,99,67,87,87,77,69,41,84,92,80,73,63,88,87,25,72,81,84,83,78,94,80,85,91,90,86,76,87,72,68,95,87,77,82,92
1,1,1,4,4,1,47,2,3,1,1,1,1,3,3,2,2,2,1,2,1,1,3,1,1,1,1,1,1,1,1,3,2,2,1,1,3,1,1,1,1,2,3,1,1,1,1,1,1,2,3,3,3,3,1,1,1,3,1,3,1,1,77,78,68,77,58,50,12,10,45,64,34,50,68,52,65,60,59,59,92,86,83,60,34,21,29,56,72,55,60,85,76,62,40,69,59,80,71,67,80,85,30,20,46,50,59,67,79,90,53,63,17,62,57
2,1,2,2,2,1,31,2,2,1,1,1,3,1,2,3,3,2,1,2,3,1,2,1,1,2,1,2,1,1,1,2,3,3,2,2,1,1,1,1,2,1,2,2,3,1,1,1,1,2,2,2,2,1,1,1,2,3,1,2,3,1,92,100,79,59,81,13,50,50,23,84,27,50,100,50,60,85,85,81,50,89,68,98,1,14,50,2,50,100,72,88,100,81,50,50,8,66,99,83,77,99,12,50,0,22,80,82,66,82,50,64,50,50,76
2,1,1,4,4,2,26,2,2,1,1,1,1,1,1,3,1,1,1,3,1,1,1,1,1,1,3,1,1,1,1,3,2,2,2,1,2,1,1,1,1,2,1,1,1,1,1,1,1,1,1,2,1,1,1,1,1,3,1,2,3,1,81,74,58,69,56,57,50,70,32,72,37,50,77,66,56,82,61,45,96,86,73,66,50,37,28,11,65,59,66,95,60,76,29,67,10,81,83,63,72,71,48,42,34,71,64,70,59,91,60,63,33,39,60
2,1,2,3,4,2,57,0,4,1,1,2,1,2,1,2,2,2,1,2,2,1,2,2,1,1,2,1,1,1,1,2,2,2,2,1,2,1,1,1,1,2,3,2,1,1,1,1,1,2,2,2,2,1,1,1,2,1,2,2,2,2,60,70,30,50,9,100,0,0,0,60,0,0,70,0,19,100,60,20,70,80,70,100,0,0,0,0,87,40,65,75,100,36,0,25,0,80,60,70,50,80,35,0,0,0,50,60,85,10,95,0,0,0,30
2,1,1,4,4,2,35,2,2,1,1,1,1,3,3,2,1,2,1,1,3,1,3,1,1,1,1,1,1,1,1,3,2,3,3,1,1,1,1,1,3,2,3,2,1,1,1,1,1,1,1,3,3,1,1,1,1,1,1,3,1,1,100,100,100,98,60,75,5,75,10,90,80,65,100,35,90,95,100,100,100,100,85,100,25,0,75,5,100,98,100,100,100,85,10,75,0,100,90,85,65,95,75,75,10,0,75,90,65,90,75,65,50,70,85
1,1,8,3,3,3,61,0,3,1,1,1,1,2,1,2,2,2,1,1,2,1,2,1,1,1,1,1,1,1,1,1,2,2,2,1,1,1,1,1,1,2,2,2,1,1,1,1,1,2,2,2,2,1,1,1,1,1,2,2,2,1,70,59,95,50,26,100,0,15,20,73,76,42,72,50,54,100,26,52,95,75,78,100,75,17,0,12,86,50,75,75,100,50,13,21,22,95,61,51,68,90,5,0,21,35,49,85,58,90,90,15,0,30,50
1,1,6,4,2,1,25,2,3,1,1,1,1,1,1,2,2,1,2,1,1,1,2,1,1,1,1,1,1,1,1,1,2,1,1,1,1,2,1,1,1,2,1,1,1,1,1,1,1,1,1,1,1,1,1,1,1,2,3,1,1,1,90,91,95,97,78,21,20,21,90,81,28,87,69,72,83,78,80,81,81,87,83,91,89,96,76,87,75,84,94,96,87,79,12,79,91,87,75,71,83,74,90,87,85,81,86,82,86,92,10,89,14,60,76
1,1,1,4,3,1,43,1,1,1,1,1,1,2,1,2,2,2,1,2,1,1,2,1,1,1,1,1,1,2,1,3,1,1,2,1,2,1,1,1,1,2,2,1,1,1,1,1,2,2,2,2,2,1,2,1,1,2,2,2,2,2,63,57,89,89,50,61,4,0,20,50,0,38,56,13,44,81,40,31,65,90,22,100,,61,14,48,91,33,29,85,91,54,0,32,71,70,68,38,54,47,3,0,25,23,63,38,50,92,0,13,0,35,33
1,1,8,3,2,1,32,3,2,1,1,1,2,2,1,2,2,2,2,2,2,1,2,2,2,2,2,2,1,1,1,2,2,2,2,1,2,1,2,1,2,2,2,2,2,2,2,2,1,2,2,1,2,2,2,1,1,2,2,2,2,2,80,73,81,66,31,73,36,50,18,61,27,54,56,38,51,64,57,45,50,80,68,68,26,28,27,33,67,40,56,60,65,55,17,55,28,45,65,58,56,65,17,13,54,22,55,60,66,74,49,57,29,34,57
1,1,2,3,2,1,31,0,2,1,1,2,2,2,2,2,2,2,1,2,2,2,2,2,1,2,2,2,1,1,1,2,2,2,2,1,2,2,1,1,2,2,2,2,1,1,2,1,1,2,2,2,2,2,2,2,2,2,2,2,2,2,91,80,55,53,63,59,2,19,1,76,2,61,80,56,54,73,56,24,57,77,78,88,59,11,46,19,93,55,81,97,63,32,2,19,13,84,98,28,63,98,0,4,1,17,89,52,58,60,14,59,31,7,52
1,1,8,2,3,1,30,1,2,1,1,1,1,1,1,2,2,2,1,2,1,1,2,2,1,1,2,1,1,1,1,2,2,2,2,1,2,1,1,1,1,2,2,1,1,1,1,1,1,2,2,2,2,1,1,1,1,2,1,2,2,1,92,92,81,81,73,72,3,43,20,84,18,70,97,12,22,92,93,91,89,82,90,100,38,35,15,19,89,30,89,94,76,61,19,25,26,93,97,92,95,100,26,27,56,98,94,88,77,86,54,83,4,2,90
2,1,6,4,3,1,25,1,3,1,1,1,1,1,1,2,1,1,1,1,1,1,1,1,1,1,1,1,1,1,1,1,1,1,1,1,1,1,1,1,1,1,1,1,1,1,1,1,1,1,1,1,1,1,1,1,1,1,1,1,1,1,77,91,90,83,93,57,15,71,96,90,6,88,71,95,82,75,80,76,91,85,85,93,83,76,95,90,87,65,68,88,92,76,14,84,80,90,80,91,63,88,82,91,95,85,89,69,78,73,83,81,82,87,86
1,1,1,4,2,3,55,2,2,1,1,1,1,1,1,2,2,3,1,1,3,1,1,1,1,1,3,1,1,1,1,1,2,2,1,1,2,1,3,1,1,2,1,1,1,1,1,1,1,1,3,1,2,1,1,1,1,1,1,2,1,1,69,70,71,94,79,73,9,39,33,80,44,73,85,100,83,90,70,64,100,89,100,94,67,11,8,66,81,52,76,78,96,70,4,74,92,94,93,82,69,90,60,3,98,63,83,68,69,87,53,94,33,58,68
1,2,8,3,2,1,26,3,0,1,1,1,2,2,1,1,2,1,1,1,2,2,2,2,2,1,2,2,2,2,2,2,2,2,2,2,2,1,1,2,1,1,1,1,1,2,2,2,1,2,1,1,1,1,2,2,2,1,2,2,1,2,64,34,36,65,69,43,65,34,71,66,67,44,28,37,62,68,26,66,55,68,70,42,34,38,38,68,60,36,69,35,63,61,38,74,30,64,59,25,75,60,52,39,55,34,72,53,33,80,31,54,36,60,39
2,5,2,4,4,1,26,0,2,3,1,1,1,2,3,3,1,2,2,1,1,1,1,3,2,2,1,1,2,3,3,2,3,2,1,2,3,2,3,1,2,3,1,1,2,3,3,2,1,1,2,1,2,2,1,2,3,1,1,2,3,2,92,85,71,29,74,66,13,29,38,34,31,8,79,75,27,19,25,75,85,36,63,73,21,64,40,18,76,75,90,27,36,43,57,29,70,85,18,61,73,35,77,33,84,64,24,7,73,31,18,25,59,32,70
2,1,1,4,2,1,35,2,3,1,1,1,1,1,2,2,1,2,1,2,1,1,1,1,1,1,1,1,1,1,1,2,1,2,2,1,1,1,1,1,1,1,1,2,1,1,1,1,1,1,1,2,1,1,1,1,1,1,1,2,2,1,93,100,66,89,100,0,50,73,0,89,0,87,100,76,50,100,91,50,100,100,81,79,0,50,56,0,95,89,87,100,100,90,54,75,0,100,92,100,92,91,89,89,0,57,95,88,93,100,100,96,50,0,93
1,1,8,4,3,1,24,2,0,1,1,1,1,1,1,2,1,1,1,1,1,1,1,1,1,1,1,1,1,1,1,2,2,1,2,1,2,1,1,1,1,2,1,1,1,1,1,1,1,2,2,2,1,1,1,1,1,1,1,2,2,1,77,83,68,69,35,58,0,15,20,78,48,67,64,78,75,71,62,54,88,89,71,84,0,0,55,0,87,14,76,71,67,58,5,74,63,82,87,80,74,85,6,16,0,54,57,62,75,79,21,66,3,8,79
1,1,8,2,4,1,28,0,1,1,1,3,1,3,3,2,2,2,1,2,2,2,1,1,1,3,2,1,1,2,1,2,2,2,3,1,2,1,1,1,1,2,2,1,1,1,1,1,1,2,2,2,2,3,1,1,1,2,2,2,2,1,86,79,56,79,57,-99,13,16,24,87,20,55,52,77,82,91,69,65,91,87,47,68,44,15,18,25,85,29,81,61,93,72,11,67,60,90,73,68,82,64,33,16,40,42,51,73,75,92,53,56,22,51,76
